"","player_id","player_name","salary","Pos","Age","Tm","G","GS","MP","FG","FGA","FG.","X3P","X3PA","X3P.","X2P","X2PA","X2P.","eFG.","FT","FTA","FT.","ORB","DRB","TRB","AST","STL","BLK","TOV","PF","PTS"
"1",1,"Alex Abrines",3667645,"SG",25,"OKC",31,2,588,56,157,0.357,41,127,0.323,15,30,0.5,0.487,12,13,0.923,5,43,48,20,17,6,14,53,165
"2",2,"Quincy Acy",213948,"PF",28,"PHO",10,0,123,4,18,0.222,2,15,0.133,2,3,0.667,0.278,7,10,0.7,3,22,25,8,1,4,4,24,17
"3",3,"Steven Adams",24157304,"C",25,"OKC",80,80,2669,481,809,0.595,0,2,0,481,807,0.596,0.595,146,292,0.5,391,369,760,124,117,76,135,204,1108
"4",4,"Jaylen Adams",236854,"PG",22,"ATL",34,1,428,38,110,0.345,25,74,0.338,13,36,0.361,0.459,7,9,0.778,11,49,60,65,14,5,28,45,108
"5",5,"Bam Adebayo",2955840,"C",21,"MIA",82,28,1913,280,486,0.576,3,15,0.2,277,471,0.588,0.579,166,226,0.735,165,432,597,184,71,65,121,203,729
"6",6,"Deng Adel",77250,"SF",21,"CLE",19,3,194,11,36,0.306,6,23,0.261,5,13,0.385,0.389,4,4,1,3,16,19,5,1,4,6,13,32
"8",8,"DeVaughn Akoon-Purcell",77250,"SG",25,"DEN",7,0,22,3,10,0.3,0,4,0,3,6,0.5,0.3,1,2,0.5,1,3,4,6,2,0,2,4,7
"10",10,"LaMarcus Aldridge",22347015,"C",33,"SAS",81,81,2687,684,1319,0.519,10,42,0.238,674,1277,0.528,0.522,349,412,0.847,251,493,744,194,43,107,144,179,1727
"11",11,"Rawle Alkins",77250,"SG",21,"CHI",10,1,120,13,39,0.333,3,12,0.25,10,27,0.37,0.372,8,12,0.667,11,15,26,13,1,0,8,7,37
"12",12,"Grayson Allen",2076960,"SG",23,"UTA",38,2,416,67,178,0.376,32,99,0.323,35,79,0.443,0.466,45,60,0.75,3,20,23,25,6,6,33,47,211
"13",13,"Jarrett Allen",2034120,"C",20,"BRK",80,80,2096,335,568,0.59,6,45,0.133,329,523,0.629,0.595,197,278,0.709,191,481,672,110,43,120,103,184,873
"14",14,"Kadeem Allen",77250,"SG",26,"NYK",19,1,416,65,141,0.461,17,36,0.472,48,105,0.457,0.521,42,54,0.778,8,43,51,76,16,4,26,46,189
"15",15,"Al-Farouq Aminu",6957105,"PF",28,"POR",81,81,2292,257,593,0.433,96,280,0.343,161,313,0.514,0.514,150,173,0.867,112,498,610,104,68,33,72,143,760
"16",16,"Ryan Anderson",20421546,"PF",30,"MIA",10,0,44,2,9,0.222,2,6,0.333,0,3,0,0.333,1,2,0.5,4,5,9,2,1,0,2,2,7
"19",17,"Kyle Anderson",8641000,"SF",25,"MEM",43,40,1281,150,276,0.543,9,34,0.265,141,242,0.583,0.56,37,64,0.578,48,203,251,128,54,37,58,112,346
"20",18,"Justin Anderson",2516047,"SF",25,"ATL",48,4,463,64,157,0.408,24,77,0.312,40,80,0.5,0.484,26,35,0.743,24,60,84,23,22,13,23,48,178
"22",20,"Giannis Antetokounmpo",24157304,"PF",24,"MIL",72,72,2358,721,1247,0.578,52,203,0.256,669,1044,0.641,0.599,500,686,0.729,159,739,898,424,92,110,268,232,1994
"24",22,"Carmelo Anthony",2393887,"PF",34,"HOU",10,2,294,49,121,0.405,21,64,0.328,28,57,0.491,0.492,15,22,0.682,9,45,54,5,4,7,8,32,134
"25",23,"OG Anunoby",1952760,"SF",21,"TOR",67,6,1352,183,404,0.453,67,202,0.332,116,202,0.574,0.536,36,62,0.581,58,139,197,47,46,22,55,140,469
"26",24,"Ryan Arcidiacono",1349383,"PG",24,"CHI",81,32,1961,187,418,0.447,81,217,0.373,106,201,0.527,0.544,89,102,0.873,27,192,219,269,65,4,63,171,544
"27",25,"Trevor Ariza",15000000,"SF",33,"PHO",26,26,884,86,227,0.379,50,139,0.36,36,88,0.409,0.489,36,43,0.837,16,129,145,87,38,8,39,44,258
"32",28,"DJ Augustin",7250000,"PG",31,"ORL",81,81,2269,318,677,0.47,131,311,0.421,187,366,0.511,0.566,181,209,0.866,41,162,203,426,52,4,128,115,948
"33",29,"Deandre Ayton",8175840,"C",20,"PHO",71,70,2183,509,870,0.585,0,4,0,509,866,0.588,0.585,141,189,0.746,223,506,729,125,61,67,126,209,1159
"34",30,"Dwayne Bacon",1378242,"SG",23,"CHO",43,13,759,122,257,0.475,38,87,0.437,84,170,0.494,0.549,34,46,0.739,8,81,89,47,12,5,18,72,316
"35",31,"Marvin Bagley",7314960,"PF",19,"SAC",62,4,1567,356,706,0.504,30,96,0.313,326,610,0.534,0.525,181,262,0.691,162,309,471,62,33,59,98,120,923
"36",32,"Ron Baker",4697823,"SG",25,"TOT",15,0,152,4,20,0.2,1,13,0.077,3,7,0.429,0.225,5,6,0.833,1,10,11,15,6,1,5,18,14
"38",33,"Wade Baldwin",1544951,"PG",22,"POR",16,0,94,10,33,0.303,2,9,0.222,8,24,0.333,0.333,8,11,0.727,2,13,15,12,1,2,14,11,30
"39",34,"Lonzo Ball",7461960,"PG",21,"LAL",47,45,1423,185,456,0.406,75,228,0.329,110,228,0.482,0.488,20,48,0.417,54,197,251,255,69,19,103,114,465
"40",35,"Mo Bamba",4871280,"C",20,"ORL",47,1,766,117,243,0.481,21,70,0.3,96,173,0.555,0.525,37,63,0.587,64,169,233,39,13,64,43,102,292
"41",36,"Harrison Barnes",24107258,"SF",26,"SAC",28,28,949,141,310,0.455,53,130,0.408,88,180,0.489,0.54,64,80,0.8,21,133,154,53,17,2,30,43,399
"44",37,"Will Barton",11830358,"SG",28,"DEN",43,38,1189,185,460,0.402,67,196,0.342,118,264,0.447,0.475,57,74,0.77,32,167,199,124,18,22,65,82,494
"45",38,"Keita Bates-Diop",838464,"SF",23,"MIN",30,3,503,60,142,0.423,13,52,0.25,47,90,0.522,0.468,18,28,0.643,16,67,83,17,18,14,14,29,151
"46",39,"Nicolas Batum",24000000,"SF",30,"CHO",75,72,2354,253,562,0.45,116,298,0.389,137,264,0.519,0.553,77,89,0.865,71,319,390,247,71,43,117,140,699
"47",40,"Jerryd Bayless",8575916,"PG",30,"MIN",34,6,657,82,230,0.357,29,98,0.296,53,132,0.402,0.42,16,28,0.571,11,51,62,119,18,2,32,56,209
"48",41,"Aron Baynes",5193600,"C",32,"BOS",51,18,821,105,223,0.471,21,61,0.344,84,162,0.519,0.518,53,62,0.855,88,152,240,57,12,34,40,125,284
"49",42,"Kent Bazemore",18089888,"SG",29,"ATL",67,35,1643,278,691,0.402,96,300,0.32,182,391,0.465,0.472,127,175,0.726,37,224,261,152,89,42,121,170,779
"50",43,"Bradley Beal",25434262,"SG",25,"WAS",82,82,3028,764,1609,0.475,209,596,0.351,555,1013,0.548,0.54,362,448,0.808,89,322,411,448,121,58,224,226,2099
"51",44,"Michael Beasley",3500000,"PF",30,"LAL",26,2,277,75,153,0.49,3,17,0.176,72,136,0.529,0.5,28,39,0.718,13,47,60,25,9,10,27,42,181
"52",45,"Malik Beasley",1773840,"SG",22,"DEN",81,18,1879,349,737,0.474,163,405,0.402,186,332,0.56,0.584,56,66,0.848,35,165,200,97,55,10,55,116,917
"53",46,"Marco Belinelli",6153846,"SG",32,"SAS",79,1,1815,285,690,0.413,147,395,0.372,138,295,0.468,0.52,112,124,0.903,16,182,198,132,35,8,72,121,829
"54",47,"Jordan Bell",1378242,"C",24,"GSW",68,3,788,99,192,0.516,0,2,0,99,190,0.521,0.516,25,41,0.61,55,129,184,76,20,51,42,80,223
"56",49,"Dragan Bender",4661280,"PF",21,"PHO",46,27,826,88,197,0.447,22,101,0.218,66,96,0.688,0.503,32,54,0.593,34,149,183,56,18,22,37,90,230
"57",50,"Davis Bertans",7000000,"PF",26,"SAS",76,12,1632,204,453,0.45,145,338,0.429,59,115,0.513,0.61,53,60,0.883,23,241,264,100,35,33,43,133,606
"59",52,"Patrick Beverley",5027028,"PG",30,"LAC",78,49,2137,194,477,0.407,112,282,0.397,82,195,0.421,0.524,96,123,0.78,76,312,388,300,67,43,85,265,596
"61",54,"Khem Birch",1378242,"C",26,"ORL",50,1,643,91,151,0.603,0,1,0,91,150,0.607,0.603,58,83,0.699,79,111,190,38,18,29,20,72,240
"64",57,"Nemanja Bjelica",6500000,"PF",30,"SAC",77,70,1788,284,593,0.479,103,257,0.401,181,336,0.539,0.566,70,92,0.761,125,319,444,147,54,56,82,197,741
"65",58,"Antonio Blakeney",1349383,"SG",22,"CHI",57,3,829,166,396,0.419,36,91,0.396,130,305,0.426,0.465,50,76,0.658,7,99,106,42,12,9,35,41,418
"66",59,"Eric Bledsoe",15000000,"PG",29,"MIL",78,78,2272,470,971,0.484,124,377,0.329,346,594,0.582,0.548,177,236,0.75,82,280,362,430,116,29,165,156,1241
"67",60,"Jaron Blossomgame",77250,"SF",25,"CLE",27,4,439,47,106,0.443,10,39,0.256,37,67,0.552,0.491,10,13,0.769,26,72,98,13,7,8,11,20,114
"69",62,"Bojan Bogdanovic",10500000,"SF",29,"IND",81,81,2573,522,1051,0.497,164,386,0.425,358,665,0.538,0.575,246,305,0.807,33,300,333,161,69,1,134,138,1454
"70",63,"Bogdan Bogdanovic",9000000,"SG",26,"SAC",70,17,1947,361,863,0.418,134,372,0.36,227,491,0.462,0.496,134,162,0.827,40,203,243,267,72,15,117,142,990
"72",65,"Jonah Bolden",1690000,"PF",23,"PHI",44,10,639,80,162,0.494,34,96,0.354,46,66,0.697,0.599,13,27,0.481,47,118,165,40,17,39,36,99,207
"73",66,"Isaac Bonga",1000000,"PG",19,"LAL",22,0,120,5,33,0.152,0,8,0,5,25,0.2,0.152,9,15,0.6,9,16,25,15,9,4,6,9,19
"74",67,"Devin Booker",3314365,"SG",22,"PHO",64,64,2242,586,1255,0.467,135,414,0.326,451,841,0.536,0.521,393,454,0.866,39,226,265,433,56,13,264,200,1700
"76",69,"Chris Boucher",457418,"PF",26,"TOR",28,0,163,34,76,0.447,12,37,0.324,22,39,0.564,0.526,13,15,0.867,16,40,56,2,6,24,7,31,93
"77",70,"Avery Bradley",12000000,"SG",28,"MEM",14,14,442,87,188,0.463,28,73,0.384,59,115,0.513,0.537,23,25,0.92,8,36,44,56,14,0,28,34,225
"81",72,"Corey Brewer",2559925,"SF",32,"PHI",7,3,140,20,49,0.408,4,14,0.286,16,35,0.457,0.449,9,13,0.692,4,13,17,10,12,2,8,16,53
"84",73,"Mikal Bridges",3557400,"SF",22,"PHO",82,56,2417,242,563,0.43,105,313,0.335,137,250,0.548,0.523,95,118,0.805,56,208,264,173,129,38,70,201,684
"85",74,"Miles Bridges",3206640,"SF",20,"CHO",80,25,1696,237,511,0.464,65,200,0.325,172,311,0.553,0.527,58,77,0.753,67,256,323,95,55,49,50,111,597
"86",75,"Isaiah Briscoe",838464,"PG",22,"ORL",39,0,559,55,138,0.399,11,34,0.324,44,104,0.423,0.438,15,26,0.577,5,69,74,87,11,2,31,66,136
"87",76,"Ryan Broekhoff",838464,"SG",28,"DAL",42,0,453,57,126,0.452,38,93,0.409,19,33,0.576,0.603,15,19,0.789,8,55,63,22,6,4,16,35,167
"88",77,"Malcolm Brogdon",1544951,"SG",26,"MIL",64,64,1832,378,748,0.505,104,244,0.426,274,504,0.544,0.575,141,152,0.928,65,223,288,205,46,13,91,102,1001
"89",78,"MarShon Brooks",1656092,"SG",30,"MEM",29,0,387,76,169,0.45,15,54,0.278,61,115,0.53,0.494,23,33,0.697,12,33,45,25,9,4,21,33,190
"90",79,"Dillon Brooks",1378242,"SF",23,"MEM",18,0,330,49,122,0.402,15,40,0.375,34,82,0.415,0.463,22,30,0.733,9,22,31,16,10,4,19,50,135
"91",80,"Jaylen Brown",5169960,"SG",22,"BOS",74,25,1913,368,792,0.465,95,276,0.344,273,516,0.529,0.525,133,202,0.658,65,248,313,100,69,32,99,186,964
"92",81,"Troy Brown",2752680,"SF",19,"WAS",52,10,730,97,234,0.415,22,69,0.319,75,165,0.455,0.462,32,47,0.681,35,110,145,80,21,5,30,56,248
"93",82,"Sterling Brown",1378242,"SG",23,"MIL",58,7,1034,145,312,0.465,53,147,0.361,92,165,0.558,0.55,29,42,0.69,29,155,184,84,25,8,46,88,372
"94",83,"Bruce Brown",838464,"SG",22,"DET",74,56,1449,125,314,0.398,24,93,0.258,101,221,0.457,0.436,45,60,0.75,48,137,185,91,40,36,46,178,319
"95",84,"Lorenzo Brown",800000,"PG",28,"TOR",26,0,212,23,71,0.324,6,28,0.214,17,43,0.395,0.366,3,3,1,5,26,31,28,12,5,16,22,55
"96",85,"Jalen Brunson",1230000,"PG",22,"DAL",73,38,1591,264,565,0.467,63,181,0.348,201,384,0.523,0.523,87,120,0.725,25,144,169,230,37,4,88,127,678
"97",86,"Thomas Bryant",1378242,"C",21,"WAS",72,53,1496,309,502,0.616,33,99,0.333,276,403,0.685,0.648,107,137,0.781,113,341,454,92,25,67,60,126,758
"98",87,"Reggie Bullock",2500000,"SG",27,"LAL",19,16,524,63,153,0.412,34,99,0.343,29,54,0.537,0.523,17,21,0.81,2,48,50,20,16,7,11,30,177
"101",88,"Trey Burke",1795015,"PG",26,"DAL",25,1,436,88,190,0.463,26,73,0.356,62,117,0.53,0.532,41,49,0.837,13,24,37,65,12,2,20,25,243
"104",89,"Alec Burks",11536515,"SG",27,"SAC",13,0,127,9,20,0.45,0,6,0,9,14,0.643,0.45,4,5,0.8,2,20,22,10,8,1,4,7,22
"108",90,"Deonte Burton",500000,"SG",25,"OKC",32,0,240,33,82,0.402,8,27,0.296,25,55,0.455,0.451,8,12,0.667,4,24,28,9,6,8,9,31,82
"109",91,"Jimmy Butler",19841627,"SG",29,"MIN",10,10,361,74,157,0.471,17,45,0.378,57,112,0.509,0.525,48,61,0.787,16,36,52,43,24,10,14,18,213
"112",92,"Bruno Caboclo",705361,"SF",23,"MEM",34,19,800,96,225,0.427,48,130,0.369,48,95,0.505,0.533,42,50,0.84,42,116,158,50,14,33,38,81,282
"113",93,"Jose Calderon",2393887,"PG",37,"DET",49,0,632,45,120,0.375,14,57,0.246,31,63,0.492,0.433,9,11,0.818,11,49,60,115,16,3,35,64,113
"114",94,"Kentavious Caldwell-Pope",12000000,"SG",25,"LAL",82,23,2035,325,756,0.43,151,435,0.347,174,321,0.542,0.53,137,158,0.867,48,190,238,110,73,13,65,137,938
"115",95,"Isaiah Canaan",744671,"PG",27,"MIN",7,1,95,11,29,0.379,7,19,0.368,4,10,0.4,0.5,4,4,1,0,5,5,19,2,1,4,4,33
"119",97,"DeMarre Carroll",15400000,"PF",32,"BRK",67,8,1703,227,575,0.395,106,310,0.342,121,265,0.457,0.487,184,242,0.76,68,281,349,85,31,10,73,114,744
"120",98,"Wendell Carter",4446840,"C",19,"CHI",44,44,1110,180,371,0.485,6,32,0.188,174,339,0.513,0.493,89,112,0.795,87,220,307,78,26,58,65,152,455
"121",99,"Vince Carter",2393887,"PF",42,"ATL",76,9,1330,196,468,0.419,123,316,0.389,73,152,0.48,0.55,47,66,0.712,31,163,194,87,44,27,48,141,562
"122",100,"Jevon Carter",838464,"PG",23,"MEM",39,3,577,56,185,0.303,34,102,0.333,22,83,0.265,0.395,26,32,0.813,14,52,66,69,26,11,33,55,172
"123",101,"Michael Carter-Williams",1468082,"PG",27,"ORL",12,0,227,21,62,0.339,3,19,0.158,18,43,0.419,0.363,20,27,0.741,16,41,57,49,11,9,10,21,65
"126",102,"Alex Caruso",77250,"PG",24,"LAL",25,4,531,77,173,0.445,24,50,0.48,53,123,0.431,0.514,51,64,0.797,20,47,67,77,24,9,42,54,229
"127",103,"Omri Casspi",2176260,"SF",30,"MEM",36,0,520,86,161,0.534,15,43,0.349,71,118,0.602,0.581,39,58,0.672,17,98,115,26,20,9,23,35,226
"128",104,"Willie Cauley-Stein",4696874,"C",25,"SAC",81,81,2213,412,741,0.556,1,2,0.5,411,739,0.556,0.557,140,254,0.551,181,497,678,194,96,51,84,227,965
"130",106,"Tyler Cavanaugh",77250,"PF",24,"UTA",11,0,39,3,10,0.3,1,5,0.2,2,5,0.4,0.35,2,2,1,3,5,8,1,0,0,1,3,9
"131",107,"Tyson Chandler",13585000,"C",36,"LAL",48,6,786,53,87,0.609,0,1,0,53,86,0.616,0.609,41,69,0.594,85,183,268,31,19,22,35,89,147
"133",108,"Wilson Chandler",12800562,"SF",31,"LAC",15,1,226,23,66,0.348,13,40,0.325,10,26,0.385,0.447,5,7,0.714,4,43,47,10,3,3,7,29,64
"138",111,"Marquese Chriss",3206160,"PF",21,"HOU",16,0,104,11,34,0.324,1,15,0.067,10,19,0.526,0.338,6,7,0.857,7,21,28,6,2,4,12,17,29
"141",112,"Ian Clark",1757429,"SG",27,"NOP",60,6,973,151,383,0.394,66,202,0.327,85,181,0.47,0.48,33,37,0.892,13,76,89,94,22,8,58,95,401
"142",113,"Gary Clark",674122,"PF",24,"HOU",51,2,641,50,151,0.331,41,138,0.297,9,13,0.692,0.467,7,7,1,24,92,116,18,20,26,7,47,148
"143",114,"Jordan Clarkson",12500000,"SG",26,"CLE",81,0,2214,529,1180,0.448,144,445,0.324,385,735,0.524,0.509,162,192,0.844,82,188,270,196,57,13,135,112,1364
"144",115,"Zach Collins",3628920,"C",21,"POR",77,0,1356,189,400,0.473,40,121,0.331,149,279,0.534,0.523,94,126,0.746,109,215,324,71,25,66,77,174,512
"145",116,"John Collins",2299080,"PF",21,"ATL",61,59,1829,465,831,0.56,55,158,0.348,410,673,0.609,0.593,203,266,0.763,219,376,595,121,22,39,120,199,1188
"146",117,"Darren Collison",10000000,"PG",31,"IND",76,76,2143,308,659,0.467,79,194,0.407,229,465,0.492,0.527,158,190,0.832,36,196,232,459,110,9,125,138,853
"147",118,"Bonzie Colson",77250,"SF",23,"MIL",8,2,98,13,39,0.333,5,21,0.238,8,18,0.444,0.397,8,9,0.889,8,22,30,3,5,1,3,3,39
"148",119,"Mike Conley",30521115,"PG",31,"MEM",70,70,2342,490,1120,0.438,155,426,0.364,335,694,0.483,0.507,343,406,0.845,40,199,239,449,94,22,130,123,1478
"149",120,"Pat Connaughton",1641000,"SG",26,"MIL",61,2,1261,163,350,0.466,66,200,0.33,97,150,0.647,0.56,29,40,0.725,61,197,258,122,33,25,33,81,421
"150",121,"Quinn Cook",1544951,"PG",25,"GSW",74,10,1059,204,439,0.465,81,200,0.405,123,239,0.515,0.557,20,26,0.769,22,135,157,116,20,3,50,92,509
"152",123,"DeMarcus Cousins",5337000,"C",28,"GSW",30,30,771,178,371,0.48,26,95,0.274,152,276,0.551,0.515,106,144,0.736,43,204,247,107,40,44,72,109,488
"153",124,"Robert Covington",10464092,"SF",28,"PHI",13,13,440,50,117,0.427,30,77,0.39,20,40,0.5,0.556,17,23,0.739,7,60,67,14,24,23,22,45,147
"156",125,"Allen Crabbe",19332500,"SG",26,"BRK",43,20,1133,137,373,0.367,98,259,0.378,39,114,0.342,0.499,41,56,0.732,16,132,148,46,23,13,46,102,413
"157",126,"Torrey Craig",2000000,"SF",28,"DEN",75,37,1503,160,362,0.442,61,188,0.324,99,174,0.569,0.526,49,70,0.7,89,174,263,72,37,46,44,175,430
"158",127,"Jamal Crawford",4698113,"SG",38,"PHO",64,0,1211,174,438,0.397,67,202,0.332,107,236,0.453,0.474,93,110,0.845,8,77,85,229,33,12,99,75,508
"159",128,"Mitch Creek",56845,"SF",26,"BRK",4,0,36,5,10,0.5,0,1,0,5,9,0.556,0.5,5,7,0.714,5,5,10,5,1,0,0,3,15
"162",130,"Jae Crowder",7305825,"SF",28,"UTA",80,11,2166,318,797,0.399,173,522,0.331,145,275,0.527,0.508,142,197,0.721,60,324,384,133,64,31,85,170,951
"163",131,"Dante Cunningham",2487000,"PF",31,"SAS",64,21,928,75,158,0.475,30,65,0.462,45,93,0.484,0.57,14,18,0.778,48,140,188,50,27,13,22,71,194
"164",132,"Stephen Curry",37457154,"PG",30,"GSW",69,69,2331,632,1340,0.472,354,810,0.437,278,530,0.525,0.604,263,287,0.916,45,324,369,361,92,25,192,166,1881
"165",133,"Seth Curry",2795000,"SG",28,"POR",74,2,1399,212,465,0.456,113,251,0.45,99,214,0.463,0.577,44,52,0.846,27,93,120,66,36,12,61,97,581
"166",134,"Troy Daniels",3258539,"SG",27,"PHO",51,1,760,113,275,0.411,74,194,0.381,39,81,0.481,0.545,18,23,0.783,13,60,73,26,26,5,27,79,318
"167",135,"Anthony Davis",25434263,"C",25,"NOP",56,56,1850,530,1026,0.517,48,145,0.331,482,881,0.547,0.54,344,433,0.794,174,498,672,218,88,135,112,132,1452
"168",136,"Ed Davis",4449000,"C",29,"BRK",81,1,1446,186,302,0.616,0,2,0,186,300,0.62,0.616,100,162,0.617,216,478,694,61,35,33,64,226,472
"169",137,"Deyonta Davis",1741503,"C",22,"ATL",9,0,118,15,22,0.682,0,1,0,15,21,0.714,0.682,6,10,0.6,10,26,36,5,3,5,3,12,36
"171",139,"Dewayne Dedmon",6300000,"C",29,"ATL",64,52,1609,259,526,0.492,83,217,0.382,176,309,0.57,0.571,92,113,0.814,105,375,480,90,69,71,84,214,693
"172",140,"Sam Dekker",2760094,"PF",24,"CLE",9,5,169,22,48,0.458,5,13,0.385,17,35,0.486,0.51,8,10,0.8,9,24,33,9,11,0,5,13,57
"176",142,"Matthew Dellavedova",9607500,"PG",28,"MIL",12,0,97,6,19,0.316,4,11,0.364,2,8,0.25,0.421,4,4,1,0,10,10,29,2,0,11,9,20
"180",144,"Luol Deng",16747954,"SF",33,"MIN",22,2,392,59,118,0.5,14,44,0.318,45,74,0.608,0.559,25,35,0.714,20,53,73,18,15,8,14,24,157
"181",145,"DeMar DeRozan",27739975,"SG",29,"SAS",77,77,2688,631,1313,0.481,7,45,0.156,624,1268,0.492,0.483,366,441,0.83,54,408,462,475,86,36,199,177,1635
"182",146,"Marcus Derrickson",77250,"PF",22,"GSW",11,0,67,16,33,0.485,10,20,0.5,6,13,0.462,0.636,4,5,0.8,8,5,13,1,0,1,3,9,46
"183",147,"Cheick Diallo",1544951,"PF",22,"NOP",64,1,896,168,271,0.62,1,4,0.25,167,267,0.625,0.622,50,67,0.746,75,257,332,33,29,33,49,113,387
"184",148,"Hamidou Diallo",838464,"SG",20,"OKC",51,3,526,75,165,0.455,4,24,0.167,71,141,0.504,0.467,36,59,0.61,38,59,97,17,21,10,23,77,190
"185",149,"Gorgui Dieng",15170787,"C",29,"MIN",76,2,1031,189,377,0.501,19,56,0.339,170,321,0.53,0.527,88,106,0.83,81,230,311,72,48,41,57,134,485
"186",150,"Spencer Dinwiddie",1656092,"PG",25,"BRK",68,4,1914,366,828,0.442,124,370,0.335,242,458,0.528,0.517,287,356,0.806,26,140,166,311,40,17,152,187,1143
"187",151,"Donte DiVincenzo",2484360,"SG",22,"MIL",27,0,411,50,124,0.403,22,83,0.265,28,41,0.683,0.492,9,12,0.75,16,49,65,31,13,6,19,38,131
"188",152,"Luka Doncic",6569040,"SG",19,"DAL",72,72,2318,506,1186,0.427,168,514,0.327,338,672,0.503,0.497,346,485,0.713,86,477,563,429,77,25,247,137,1526
"189",153,"Tyler Dorsey",1378242,"SG",22,"ATL",27,0,251,32,89,0.36,10,39,0.256,22,50,0.44,0.416,16,26,0.615,9,34,43,17,7,1,10,20,90
"192",154,"Damyean Dotson",1378242,"SG",24,"NYK",73,40,2004,290,698,0.415,126,342,0.368,164,356,0.461,0.506,73,98,0.745,34,228,262,135,58,10,71,135,779
"193",155,"PJ Dozier",77250,"SG",22,"BOS",6,0,51,8,21,0.381,2,8,0.25,6,13,0.462,0.429,1,2,0.5,6,11,17,5,2,0,0,2,19
"194",156,"Goran Dragic",18109175,"PG",32,"MIA",36,22,991,179,433,0.413,57,164,0.348,122,269,0.454,0.479,79,101,0.782,20,91,111,174,30,5,71,81,494
"195",157,"Andre Drummond",25434262,"C",25,"DET",79,79,2647,561,1052,0.533,5,38,0.132,556,1014,0.548,0.536,243,412,0.59,423,809,1232,112,136,138,175,272,1370
"196",158,"Jared Dudley",9530000,"PF",33,"BRK",59,25,1220,101,239,0.423,53,151,0.351,48,88,0.545,0.533,32,46,0.696,34,121,155,83,36,16,43,131,287
"197",159,"Kris Dunn",4221000,"PG",24,"CHI",46,44,1389,215,506,0.425,34,96,0.354,181,410,0.441,0.458,55,69,0.797,19,168,187,277,68,21,104,166,519
"198",160,"Kevin Durant",30000000,"SF",30,"GSW",78,78,2702,721,1383,0.521,137,388,0.353,584,995,0.587,0.571,448,506,0.885,33,464,497,457,58,84,225,155,2027
"201",163,"Henry Ellenson",2199311,"PF",22,"DET",2,0,25,4,10,0.4,2,4,0.5,2,6,0.333,0.5,2,2,1,0,9,9,1,0,0,0,2,12
"204",164,"Wayne Ellington",8653076,"SG",31,"MIA",25,12,533,69,184,0.375,57,155,0.368,12,29,0.414,0.53,14,16,0.875,6,41,47,29,24,3,14,40,209
"208",166,"Joel Embiid",25467250,"C",24,"PHI",64,64,2154,580,1199,0.484,79,263,0.3,501,936,0.535,0.517,522,649,0.804,160,711,871,234,46,122,226,211,1761
"209",167,"James Ennis",1621415,"SF",28,"PHI",18,2,281,34,83,0.41,11,36,0.306,23,47,0.489,0.476,16,23,0.696,23,42,65,14,3,7,11,39,95
"213",169,"Tyreke Evans",12400000,"SG",29,"IND",69,18,1402,257,660,0.389,77,216,0.356,180,444,0.405,0.448,115,160,0.719,33,168,201,166,58,18,118,117,706
"214",170,"Jacob Evans",1646400,"SG",21,"GSW",30,1,204,18,53,0.34,4,15,0.267,14,38,0.368,0.377,0,1,0,6,19,25,23,5,3,11,28,40
"217",173,"Dante Exum",10600000,"PG",23,"UTA",42,1,664,101,241,0.419,18,62,0.29,83,179,0.464,0.456,68,86,0.791,16,52,68,110,14,5,52,69,288
"218",174,"Kenneth Faried",14242782,"C",29,"BRK",12,0,118,25,42,0.595,1,5,0.2,24,37,0.649,0.607,10,16,0.625,15,29,44,2,2,4,6,8,61
"221",175,"Derrick Favors",16900000,"C",27,"UTA",76,70,1766,363,619,0.586,17,78,0.218,346,541,0.64,0.6,154,228,0.675,207,353,560,89,56,106,84,163,897
"222",176,"Cristiano Felicio",8470980,"C",26,"CHI",60,0,746,95,179,0.531,0,4,0,95,175,0.543,0.531,50,73,0.685,79,139,218,37,11,7,33,69,240
"223",177,"Raymond Felton",2393887,"PG",34,"OKC",33,0,379,55,135,0.407,20,61,0.328,35,74,0.473,0.481,12,13,0.923,4,30,34,52,10,6,14,29,142
"224",178,"Terrance Ferguson",2118840,"SG",20,"OKC",74,74,1931,185,431,0.429,106,290,0.366,79,141,0.56,0.552,37,51,0.725,33,108,141,72,40,16,47,231,513
"225",179,"Yogi Ferrell",3000000,"PG",25,"SAC",71,3,1067,153,352,0.435,54,149,0.362,99,203,0.488,0.511,60,67,0.896,13,96,109,137,36,4,40,64,420
"226",180,"Dorian Finney-Smith",1544951,"SF",25,"DAL",81,26,1985,228,528,0.432,79,254,0.311,149,274,0.544,0.507,73,103,0.709,138,251,389,95,69,36,74,186,608
"227",181,"Bryn Forbes",3125000,"SG",25,"SAS",82,81,2293,361,791,0.456,176,413,0.426,185,378,0.489,0.568,69,78,0.885,18,221,239,175,45,4,80,159,967
"228",182,"Evan Fournier",17000000,"SG",26,"ORL",81,81,2553,468,1069,0.438,153,450,0.34,315,619,0.509,0.509,137,170,0.806,38,220,258,295,71,12,154,225,1226
"229",183,"De'Aaron Fox",5470920,"PG",21,"SAC",81,81,2546,505,1102,0.458,86,232,0.371,419,870,0.482,0.497,303,417,0.727,43,261,304,590,133,45,227,204,1399
"230",184,"Tim Frazier",1832107,"PG",28,"MIL",12,2,211,28,66,0.424,10,24,0.417,18,42,0.429,0.5,9,13,0.692,9,22,31,42,5,1,16,19,75
"233",185,"Melvin Frazier",1050000,"SG",22,"ORL",10,0,44,7,21,0.333,0,6,0,7,15,0.467,0.333,1,4,0.25,3,2,5,1,1,0,1,6,15
"235",187,"Jimmer Fredette",198579,"SG",29,"PHO",6,0,65,8,29,0.276,0,13,0,8,16,0.5,0.276,6,6,1,1,6,7,8,3,0,5,5,22
"236",188,"Channing Frye",2393887,"C",35,"CLE",36,6,341,43,117,0.368,32,79,0.405,11,38,0.289,0.504,11,14,0.786,4,48,52,20,6,5,13,44,129
"237",189,"Markelle Fultz",8339880,"SG",20,"PHI",19,15,427,65,155,0.419,4,14,0.286,61,141,0.433,0.432,21,37,0.568,26,44,70,59,17,5,25,52,155
"239",191,"Danilo Gallinari",21587579,"SF",30,"LAC",68,68,2059,409,884,0.463,161,372,0.433,248,512,0.484,0.554,367,406,0.904,54,363,417,178,49,23,99,129,1346
"240",192,"Langston Galloway",7000000,"SG",27,"DET",80,4,1745,228,587,0.388,135,380,0.355,93,207,0.449,0.503,81,96,0.844,49,122,171,85,37,8,24,135,672
"241",193,"Billy Garrett",67370,"SG",24,"NYK",4,0,63,11,27,0.407,0,8,0,11,19,0.579,0.407,4,4,1,0,3,3,7,1,1,2,3,26
"242",194,"Marc Gasol",24119025,"C",34,"TOR",26,19,648,87,187,0.465,23,52,0.442,64,135,0.474,0.527,40,52,0.769,24,148,172,101,24,23,36,70,237
"245",195,"Pau Gasol",17133285,"C",38,"MIL",3,0,30,1,6,0.167,1,3,0.333,0,3,0,0.25,1,2,0.5,0,10,10,2,0,1,2,1,4
"248",196,"Rudy Gay",10087200,"PF",32,"SAS",69,51,1842,376,746,0.504,74,184,0.402,302,562,0.537,0.554,120,147,0.816,63,407,470,182,54,34,114,159,946
"249",197,"Paul George",30560700,"SF",28,"OKC",77,77,2841,707,1614,0.438,292,757,0.386,415,857,0.484,0.529,453,540,0.839,105,523,628,318,170,34,205,214,2159
"250",198,"Taj Gibson",14000000,"PF",33,"MIN",70,57,1686,304,537,0.566,11,34,0.324,293,503,0.583,0.576,134,177,0.757,172,286,458,84,53,39,73,186,753
"252",200,"Harry Giles",2207040,"PF",20,"SAC",58,0,820,175,348,0.503,0,6,0,175,342,0.512,0.503,58,91,0.637,66,156,222,85,31,22,73,150,408
"253",201,"Shai Gilgeous-Alexander",3375360,"PG",20,"LAC",82,73,2174,341,716,0.476,51,139,0.367,290,577,0.503,0.512,156,195,0.8,57,175,232,270,96,45,141,175,889
"257",205,"Brandon Goodwin",56845,"PG",23,"DEN",16,0,57,6,23,0.261,2,6,0.333,4,17,0.235,0.304,9,11,0.818,1,2,3,14,0,0,3,7,23
"258",206,"Aaron Gordon",21590909,"PF",23,"ORL",78,78,2633,470,1046,0.449,121,347,0.349,349,699,0.499,0.507,185,253,0.731,129,445,574,289,57,56,162,172,1246
"259",207,"Eric Gordon",13500375,"SG",30,"HOU",68,53,2158,384,938,0.409,216,600,0.36,168,338,0.497,0.525,119,152,0.783,17,131,148,129,41,27,90,143,1103
"261",209,"Treveon Graham",1512601,"SG",25,"BRK",35,21,715,64,191,0.335,38,128,0.297,26,63,0.413,0.435,18,22,0.818,23,84,107,34,13,7,17,68,184
"263",211,"Jerami Grant",8333333,"PF",24,"OKC",80,77,2612,409,823,0.497,115,293,0.392,294,530,0.555,0.567,157,221,0.71,96,321,417,79,61,100,67,214,1090
"264",212,"Jerian Grant",2639313,"PG",26,"ORL",60,1,939,92,220,0.418,40,110,0.364,52,110,0.473,0.509,26,40,0.65,19,79,98,156,44,6,51,78,250
"266",214,"Draymond Green",17469565,"PF",28,"GSW",66,66,2065,188,422,0.445,47,165,0.285,141,257,0.549,0.501,63,91,0.692,60,421,481,454,95,70,169,197,486
"267",215,"Danny Green",10000000,"SG",31,"TOR",80,80,2216,293,630,0.465,198,435,0.455,95,195,0.487,0.622,37,44,0.841,60,257,317,126,73,53,75,171,821
"268",216,"JaMychal Green",8066667,"PF",28,"LAC",24,2,471,79,164,0.482,33,80,0.413,46,84,0.548,0.582,17,21,0.81,32,125,157,14,12,8,23,70,208
"271",217,"Jeff Green",2393887,"PF",32,"WAS",77,44,2097,326,687,0.475,111,320,0.347,215,367,0.586,0.555,183,206,0.888,57,252,309,137,43,39,101,160,946
"272",218,"Gerald Green",1512601,"SG",33,"HOU",73,0,1473,231,578,0.4,156,441,0.354,75,137,0.547,0.535,57,68,0.838,30,152,182,40,33,27,55,126,675
"273",219,"Blake Griffin",31873932,"PF",29,"DET",75,75,2622,619,1341,0.462,189,522,0.362,430,819,0.525,0.532,414,550,0.753,100,465,565,402,52,28,253,199,1841
"274",220,"Daniel Hamilton",1349383,"SG",23,"ATL",19,3,204,23,60,0.383,8,23,0.348,15,37,0.405,0.45,3,6,0.5,10,37,47,22,6,1,16,19,57
"276",222,"Dusty Hannahs",47370,"SG",25,"MEM",2,0,26,3,12,0.25,0,5,0,3,7,0.429,0.25,2,2,1,0,1,1,5,1,0,1,1,8
"277",223,"Tim Hardaway",17325000,"SG",26,"DAL",19,17,558,108,267,0.404,45,140,0.321,63,127,0.496,0.489,33,43,0.767,7,54,61,37,12,2,24,35,294
"280",224,"James Harden",30570000,"PG",29,"HOU",78,78,2867,843,1909,0.442,378,1028,0.368,465,881,0.528,0.541,754,858,0.879,66,452,518,586,158,58,387,244,2818
"282",226,"Montrezl Harrell",6000000,"C",25,"LAC",82,5,2158,546,888,0.615,3,17,0.176,543,871,0.623,0.617,266,414,0.643,184,351,535,162,71,110,132,255,1361
"283",227,"Gary Harris",16517857,"SG",24,"DEN",57,48,1639,270,637,0.424,82,242,0.339,188,395,0.476,0.488,115,144,0.799,41,119,160,127,55,19,68,113,737
"284",228,"Tobias Harris",14800000,"PF",26,"PHI",27,27,944,187,399,0.469,44,135,0.326,143,264,0.542,0.524,74,88,0.841,32,181,213,79,11,13,42,61,492
"287",229,"Joe Harris",8333333,"SG",27,"BRK",76,76,2293,374,748,0.5,183,386,0.474,191,362,0.528,0.622,110,133,0.827,52,239,291,181,38,17,121,182,1041
"288",230,"Devin Harris",2393887,"PG",35,"DAL",68,2,1071,132,347,0.38,62,200,0.31,70,147,0.476,0.47,102,134,0.761,12,100,112,122,35,16,56,133,428
"289",231,"Shaquille Harrison",1325531,"PG",25,"CHI",73,11,1430,184,426,0.432,24,89,0.27,160,337,0.475,0.46,82,123,0.667,33,189,222,139,89,30,60,124,474
"290",232,"Andrew Harrison",354500,"PG",24,"NOP",6,0,38,3,12,0.25,2,10,0.2,1,2,0.5,0.333,1,2,0.5,2,3,5,7,0,0,2,7,9
"293",233,"Josh Hart",1655160,"SG",23,"LAL",67,22,1715,189,464,0.407,92,274,0.336,97,190,0.511,0.506,55,80,0.688,35,213,248,93,64,40,58,147,525
"294",234,"Isaiah Hartenstein",838464,"PF",20,"HOU",28,0,221,20,41,0.488,2,6,0.333,18,35,0.514,0.512,11,14,0.786,21,26,47,15,7,12,13,56,53
"295",235,"Udonis Haslem",2393887,"C",38,"MIA",10,1,74,11,33,0.333,0,12,0,11,21,0.524,0.333,3,4,0.75,3,24,27,2,0,0,3,9,25
"297",237,"Gordon Hayward",31214295,"PF",28,"BOS",72,18,1863,296,635,0.466,77,231,0.333,219,404,0.542,0.527,156,187,0.834,51,271,322,244,62,23,105,104,825
"298",238,"John Henson",10577466,"C",28,"MIL",14,0,188,31,67,0.463,11,31,0.355,20,36,0.556,0.545,6,10,0.6,16,55,71,14,7,11,12,16,79
"299",239,"Juan Hernangomez",2166360,"PF",23,"DEN",70,25,1358,138,314,0.439,66,181,0.365,72,133,0.541,0.545,66,86,0.767,64,201,265,55,27,24,37,94,408
"300",240,"Willy Hernangomez",1496500,"C",24,"CHO",58,3,812,153,295,0.519,15,39,0.385,138,256,0.539,0.544,100,144,0.694,117,194,311,60,16,20,58,98,421
"301",241,"Mario Hezonja",6500000,"SF",23,"NYK",58,24,1206,191,464,0.412,42,152,0.276,149,312,0.478,0.457,87,114,0.763,28,211,239,88,57,8,88,110,511
"304",244,"Buddy Hield",3833760,"SG",26,"SAC",82,82,2615,623,1360,0.458,278,651,0.427,345,709,0.487,0.56,171,193,0.886,106,306,412,205,58,33,146,202,1695
"305",245,"Haywood Highsmith",77250,"SF",22,"PHI",5,0,40,4,10,0.4,1,5,0.2,3,5,0.6,0.45,0,2,0,0,5,5,2,1,0,1,1,9
"306",246,"George Hill",19000000,"PG",32,"CLE",13,13,344,55,107,0.514,13,28,0.464,42,79,0.532,0.575,17,20,0.85,12,15,27,36,12,1,20,35,140
"309",247,"Solomon Hill",12763467,"SF",27,"NOP",44,15,878,68,178,0.382,32,101,0.317,36,77,0.468,0.472,23,32,0.719,34,99,133,55,23,10,31,80,191
"310",248,"Jrue Holiday",26641111,"SG",28,"NOP",67,67,2402,547,1159,0.472,118,363,0.325,429,796,0.539,0.523,208,271,0.768,75,259,334,518,109,54,210,148,1420
"311",249,"Justin Holiday",4500000,"SG",29,"MEM",44,39,1282,149,383,0.389,65,195,0.333,84,188,0.447,0.474,54,60,0.9,27,127,154,61,54,15,57,85,417
"314",250,"Aaron Holiday",1914480,"PG",22,"IND",50,0,646,105,262,0.401,43,127,0.339,62,135,0.459,0.483,41,50,0.82,5,62,67,87,21,13,40,71,294
"316",252,"Rondae Hollis-Jefferson",2470356,"SF",24,"BRK",59,21,1234,200,487,0.411,9,49,0.184,191,438,0.436,0.42,118,183,0.645,83,227,310,96,44,27,68,107,527
"318",254,"Rodney Hood",3472887,"SG",26,"POR",27,4,659,98,217,0.452,29,84,0.345,69,133,0.519,0.518,33,41,0.805,7,38,45,34,21,7,19,45,258
"322",256,"Al Horford",28928710,"C",32,"BOS",68,68,1973,387,723,0.535,73,203,0.36,314,520,0.604,0.586,78,95,0.821,120,338,458,283,59,86,102,126,925
"323",257,"Danuel House",247827,"SF",25,"HOU",39,13,979,118,252,0.468,74,178,0.416,44,74,0.595,0.615,56,71,0.789,25,115,140,40,21,11,35,80,366
"325",259,"Kevin Huerter",2250960,"SG",20,"ATL",75,59,2048,275,657,0.419,136,353,0.385,139,304,0.457,0.522,41,56,0.732,60,185,245,214,65,25,109,155,727
"327",261,"RJ Hunter",77250,"SG",25,"BOS",1,0,26,6,13,0.462,4,10,0.4,2,3,0.667,0.615,1,2,0.5,1,2,3,3,1,0,0,3,17
"328",262,"Chandler Hutchison",1991520,"SF",22,"CHI",44,14,895,96,209,0.459,14,50,0.28,82,159,0.516,0.493,23,38,0.605,31,154,185,34,23,6,25,59,229
"329",263,"Serge Ibaka",21666667,"C",29,"TOR",74,51,2010,464,877,0.529,49,169,0.29,415,708,0.586,0.557,135,177,0.763,156,445,601,99,29,103,114,211,1112
"330",264,"Andre Iguodala",16000000,"SF",35,"GSW",68,13,1578,151,302,0.5,48,144,0.333,103,158,0.652,0.579,39,67,0.582,48,204,252,216,61,51,52,95,389
"331",265,"Ersan Ilyasova",7000000,"PF",31,"MIL",67,7,1231,167,381,0.438,58,160,0.363,109,221,0.493,0.514,61,74,0.824,94,208,302,52,32,20,48,172,453
"332",266,"Joe Ingles",12545455,"PF",31,"UTA",82,82,2568,359,802,0.448,189,483,0.391,170,319,0.533,0.565,87,123,0.707,35,295,330,469,98,20,193,180,994
"333",267,"Brandon Ingram",5757120,"SF",21,"LAL",52,52,1760,362,729,0.497,31,94,0.33,331,635,0.521,0.518,195,289,0.675,41,226,267,154,28,31,129,149,950
"335",269,"Kyrie Irving",20099189,"PG",26,"BOS",67,67,2214,604,1241,0.487,174,434,0.401,430,807,0.533,0.557,214,245,0.873,71,264,335,464,103,34,172,167,1596
"336",270,"Jonathan Isaac",4969080,"PF",21,"ORL",75,64,1996,262,611,0.429,86,266,0.323,176,345,0.51,0.499,110,135,0.815,99,312,411,80,59,98,75,143,720
"337",271,"Wesley Iwundu",1378242,"SF",24,"ORL",68,13,1233,113,274,0.412,29,79,0.367,84,195,0.431,0.465,84,103,0.816,37,147,184,73,28,22,44,123,339
"338",272,"Reggie Jackson",17043478,"PG",28,"DET",82,82,2289,441,1047,0.421,174,471,0.369,267,576,0.464,0.504,204,236,0.864,45,171,216,344,55,9,148,208,1260
"339",273,"Josh Jackson",6041520,"SG",21,"PHO",79,29,1988,347,841,0.413,73,225,0.324,274,616,0.445,0.456,143,213,0.671,66,281,347,183,74,56,173,209,910
"340",274,"Jaren Jackson",5922720,"PF",19,"MEM",58,56,1515,298,589,0.506,51,142,0.359,247,447,0.553,0.549,151,197,0.766,73,199,272,64,52,82,98,220,798
"341",275,"Justin Jackson",2807880,"SF",23,"DAL",29,11,531,92,190,0.484,32,86,0.372,60,104,0.577,0.568,21,29,0.724,19,47,66,28,9,1,7,32,237
"344",276,"Frank Jackson",1378242,"PG",20,"NOP",61,16,1169,194,447,0.434,53,169,0.314,141,278,0.507,0.493,54,73,0.74,25,109,134,69,25,2,48,92,495
"345",277,"Demetrius Jackson",170107,"PG",24,"PHI",6,0,39,8,15,0.533,2,6,0.333,6,9,0.667,0.6,4,4,1,2,1,3,5,2,0,1,4,22
"346",278,"LeBron James",35654150,"SF",34,"LAL",55,55,1937,558,1095,0.51,111,327,0.339,447,768,0.582,0.56,278,418,0.665,57,408,465,454,72,33,197,94,1505
"349",281,"John Jenkins",585809,"SG",27,"NYK",22,0,319,40,103,0.388,20,56,0.357,20,47,0.426,0.485,15,18,0.833,6,30,36,21,0,2,9,10,115
"351",282,"Jonas Jerebko",2165481,"PF",31,"GSW",73,6,1218,163,355,0.459,69,188,0.367,94,167,0.563,0.556,64,80,0.8,72,216,288,96,27,18,43,137,459
"352",283,"Tyler Johnson",19245370,"PG",26,"PHO",13,12,406,46,125,0.368,18,56,0.321,28,69,0.406,0.44,34,39,0.872,15,37,52,54,14,6,14,25,144
"355",284,"James Johnson",14420700,"PF",31,"MIA",55,33,1164,164,379,0.433,50,149,0.336,114,230,0.496,0.499,50,70,0.714,22,154,176,135,35,27,74,114,428
"356",285,"Wesley Johnson",6134000,"SF",31,"WAS",12,0,157,10,40,0.25,6,26,0.231,4,14,0.286,0.325,7,10,0.7,2,16,18,7,2,5,6,18,33
"359",286,"Stanley Johnson",3940401,"SF",22,"NOP",18,0,247,38,91,0.418,11,34,0.324,27,57,0.474,0.478,9,13,0.692,9,33,42,28,12,1,26,22,96
"362",287,"Amir Johnson",2393887,"C",31,"PHI",51,6,529,79,157,0.503,12,40,0.3,67,117,0.573,0.541,31,41,0.756,47,100,147,60,16,13,45,99,201
"364",289,"Alize Johnson",838464,"PF",22,"IND",14,0,64,4,16,0.25,1,2,0.5,3,14,0.214,0.281,4,8,0.5,4,15,19,1,1,3,0,7,13
"365",290,"BJ Johnson",142111,"SF",23,"ATL",6,0,43,8,16,0.5,3,6,0.5,5,10,0.5,0.594,2,2,1,2,6,8,0,2,0,2,3,21
"367",291,"Nikola Jokic",25467250,"C",23,"DEN",80,80,2504,616,1206,0.511,83,270,0.307,533,936,0.569,0.545,289,352,0.821,228,637,865,580,108,55,248,228,1604
"368",292,"Tyus Jones",2444052,"PG",22,"MIN",68,23,1560,185,446,0.415,40,126,0.317,145,320,0.453,0.46,58,69,0.841,23,111,134,327,81,5,47,78,468
"370",294,"Derrick Jones",1512601,"SF",21,"MIA",60,14,1153,160,324,0.494,28,91,0.308,132,233,0.567,0.537,74,122,0.607,96,144,240,37,46,42,43,123,422
"371",295,"Terrence Jones",198579,"PF",27,"HOU",2,0,5,1,4,0.25,0,2,0,1,2,0.5,0.25,0,1,0,0,4,4,0,0,0,1,1,2
"372",296,"Jalen Jones",77250,"SF",25,"CLE",16,0,214,26,62,0.419,10,28,0.357,16,34,0.471,0.5,19,27,0.704,11,23,34,7,9,2,8,27,81
"373",297,"Jemerrio Jones",52170,"SF",23,"LAL",6,2,143,12,33,0.364,2,10,0.2,10,23,0.435,0.394,1,2,0.5,16,33,49,13,7,5,5,10,27
"375",299,"Cory Joseph",7945000,"PG",27,"IND",82,9,2063,226,548,0.412,55,171,0.322,171,377,0.454,0.463,30,43,0.698,39,240,279,321,94,22,80,131,537
"377",301,"Frank Kaminsky",3627842,"C",25,"CHO",47,0,755,138,298,0.463,50,139,0.36,88,159,0.553,0.547,79,107,0.738,39,124,163,63,12,12,41,68,405
"378",302,"Enes Kanter",19264603,"C",26,"POR",23,8,512,124,215,0.577,3,12,0.25,121,203,0.596,0.584,50,68,0.735,86,112,198,32,14,9,39,61,301
"381",303,"Luke Kennard",3275280,"SG",22,"DET",63,10,1437,228,520,0.438,106,269,0.394,122,251,0.486,0.54,51,61,0.836,12,171,183,114,26,10,57,92,613
"382",304,"Michael Kidd-Gilchrist",13000000,"PF",25,"CHO",64,3,1179,158,332,0.476,16,47,0.34,142,285,0.498,0.5,95,123,0.772,88,158,246,61,32,39,43,156,427
"384",306,"Maxi Kleber",1378242,"PF",27,"DAL",71,18,1502,175,386,0.453,77,218,0.353,98,168,0.583,0.553,58,74,0.784,90,239,329,70,36,78,54,143,485
"385",307,"Brandon Knight",14631250,"PG",27,"HOU",12,0,118,11,47,0.234,5,32,0.156,6,15,0.4,0.287,9,11,0.818,1,8,9,9,2,0,5,14,36
"388",308,"Kevin Knox",3744840,"PF",19,"NYK",75,57,2158,338,914,0.37,125,364,0.343,213,550,0.387,0.438,162,226,0.717,61,274,335,82,43,24,114,175,963
"389",309,"Furkan Korkmaz",1740000,"SG",21,"PHI",48,7,679,98,245,0.4,47,144,0.326,51,101,0.505,0.496,36,44,0.818,16,91,107,52,29,2,25,62,279
"390",310,"Luke Kornet",1619260,"PF",23,"NYK",46,18,784,107,283,0.378,70,193,0.363,37,90,0.411,0.502,38,46,0.826,28,107,135,54,27,42,25,41,322
"391",311,"Kyle Korver",7560000,"PF",37,"CLE",16,0,251,35,76,0.461,25,54,0.463,10,22,0.455,0.625,13,16,0.813,0,29,29,17,3,2,17,22,108
"395",313,"Rodions Kurucs",1690000,"SF",20,"BRK",63,46,1294,202,449,0.45,58,184,0.315,144,265,0.543,0.514,72,92,0.783,56,190,246,52,41,25,77,146,534
"396",314,"Kyle Kuzma",1689840,"PF",23,"LAL",70,68,2314,496,1087,0.456,128,422,0.303,368,665,0.553,0.515,188,250,0.752,60,322,382,178,41,26,133,170,1308
"397",315,"Skal Labissiere",1544951,"PF",22,"POR",9,1,63,13,19,0.684,2,2,1,11,17,0.647,0.737,3,6,0.5,5,14,19,5,3,3,4,8,31
"400",316,"Jeremy Lamb",7000000,"SG",26,"CHO",79,55,2250,431,979,0.44,115,330,0.348,316,649,0.487,0.499,231,260,0.888,65,369,434,172,88,32,80,140,1208
"401",317,"Zach LaVine",19500000,"SG",23,"CHI",63,62,2171,530,1135,0.467,120,321,0.374,410,814,0.504,0.52,312,375,0.832,40,254,294,283,60,26,215,140,1492
"402",318,"Jake Layman",1544951,"SF",24,"POR",71,33,1327,216,424,0.509,59,181,0.326,157,243,0.646,0.579,50,71,0.704,56,161,217,53,31,30,46,116,541
"403",319,"TJ Leaf",2407560,"PF",21,"IND",58,1,522,99,183,0.541,8,31,0.258,91,152,0.599,0.563,19,31,0.613,43,82,125,24,9,19,12,35,225
"404",320,"Courtney Lee",12253780,"SG",33,"NYK",12,2,160,21,47,0.447,5,16,0.313,16,31,0.516,0.5,9,14,0.643,6,21,27,16,8,2,5,13,56
"407",321,"Damion Lee",77250,"SG",26,"GSW",32,0,375,56,127,0.441,27,68,0.397,29,59,0.492,0.547,19,22,0.864,8,56,64,13,13,0,11,28,158
"409",323,"Alex Len",4350000,"C",25,"ATL",77,31,1544,320,648,0.494,74,204,0.363,246,444,0.554,0.551,140,216,0.648,158,266,424,86,27,69,97,200,854
"410",324,"Kawhi Leonard",23114066,"SF",27,"TOR",60,60,2040,560,1129,0.496,112,302,0.371,448,827,0.542,0.546,364,426,0.854,78,361,439,199,106,24,121,87,1596
"411",325,"Meyers Leonard",10595506,"C",26,"POR",61,2,878,132,242,0.545,50,111,0.45,82,131,0.626,0.649,43,51,0.843,49,184,233,75,13,9,43,105,357
"412",326,"Jon Leuer",10002681,"PF",29,"DET",41,1,402,66,113,0.584,1,11,0.091,65,102,0.637,0.588,23,31,0.742,27,70,97,14,12,4,23,60,156
"413",327,"Caris LeVert",1702800,"SF",24,"BRK",40,25,1063,207,483,0.429,48,154,0.312,159,329,0.483,0.478,85,123,0.691,35,116,151,156,42,14,69,77,547
"414",328,"Damian Lillard",27977689,"PG",28,"POR",80,80,2838,681,1533,0.444,237,643,0.369,444,890,0.499,0.522,468,513,0.912,68,303,371,551,88,34,212,148,2067
"415",329,"Jeremy Lin",12516746,"PG",30,"TOR",23,3,433,58,155,0.374,11,55,0.2,47,100,0.47,0.41,34,42,0.81,6,54,60,50,9,6,26,48,161
"418",330,"Shaun Livingston",8307692,"PG",33,"GSW",64,0,967,109,210,0.519,0,2,0,109,208,0.524,0.519,40,51,0.784,42,75,117,114,31,27,38,74,258
"421",333,"Kevon Looney",1567007,"C",22,"GSW",80,24,1481,217,347,0.625,1,10,0.1,216,337,0.641,0.627,65,105,0.619,194,223,417,123,46,53,51,211,500
"422",334,"Robin Lopez",14357750,"C",30,"CHI",74,36,1606,304,535,0.568,7,31,0.226,297,504,0.589,0.575,89,123,0.724,140,146,286,89,11,78,96,124,704
"423",335,"Brook Lopez",3382000,"C",30,"MIL",81,81,2322,355,786,0.452,187,512,0.365,168,274,0.613,0.571,112,133,0.842,33,363,396,98,51,179,82,189,1009
"424",336,"Kevin Love",24119025,"PF",30,"CLE",22,21,598,109,283,0.385,53,147,0.361,56,136,0.412,0.479,103,114,0.904,33,206,239,48,6,5,42,54,374
"425",337,"Kyle Lowry",32700000,"PG",32,"TOR",65,65,2213,304,739,0.411,157,453,0.347,147,286,0.514,0.518,161,194,0.83,41,271,312,564,91,31,182,166,926
"426",338,"Jordan Loyd",77250,"PG",25,"TOR",12,0,55,8,18,0.444,4,8,0.5,4,10,0.4,0.556,9,11,0.818,1,8,9,6,0,0,2,5,29
"429",341,"Tyler Lydon",1874640,"PF",22,"DEN",25,0,94,9,18,0.5,4,10,0.4,5,8,0.625,0.611,1,3,0.333,7,11,18,6,2,0,4,10,23
"430",342,"Trey Lyles",3364249,"PF",23,"DEN",64,2,1120,207,495,0.418,51,200,0.255,156,295,0.529,0.47,81,116,0.698,44,202,246,87,30,23,68,93,546
"431",343,"Scott Machado",76236,"PG",28,"LAL",4,0,19,4,6,0.667,1,1,1,3,5,0.6,0.75,1,1,1,0,0,0,3,1,0,0,2,10
"432",344,"Shelvin Mack",2512601,"PG",28,"CHO",4,0,42,2,14,0.143,0,2,0,2,12,0.167,0.143,5,9,0.556,0,2,2,1,2,0,4,3,9
"435",345,"Daryl Macon",77250,"SG",23,"DAL",8,0,90,10,27,0.37,5,11,0.455,5,16,0.313,0.463,4,7,0.571,2,10,12,7,1,0,6,8,29
"437",347,"Ian Mahinmi",16000000,"C",32,"WAS",34,6,498,47,104,0.452,3,16,0.188,44,88,0.5,0.466,42,61,0.689,48,80,128,25,25,16,21,84,139
"438",348,"Thon Maker",2799720,"PF",21,"DET",29,5,563,50,134,0.373,23,75,0.307,27,59,0.458,0.459,36,47,0.766,24,82,106,27,11,33,24,50,159
"441",349,"Boban Marjanovic",9490740,"C",30,"PHI",22,3,305,75,120,0.625,4,8,0.5,71,112,0.634,0.642,26,36,0.722,32,81,113,32,5,10,22,33,180
"444",350,"Lauri Markkanen",4536120,"PF",21,"CHI",52,51,1682,342,795,0.43,120,332,0.361,222,463,0.479,0.506,170,195,0.872,74,396,470,75,37,33,85,122,974
"445",351,"Jarell Martin",2416221,"PF",24,"ORL",42,1,328,43,104,0.413,20,57,0.351,23,47,0.489,0.51,9,11,0.818,11,62,73,18,3,8,11,51,115
"446",352,"Frank Mason",1378242,"PG",24,"SAC",38,0,435,71,169,0.42,14,64,0.219,57,105,0.543,0.462,39,57,0.684,6,37,43,84,16,4,36,34,195
"448",354,"Wesley Matthews",19360228,"SG",32,"NYK",2,1,54,4,19,0.211,2,10,0.2,2,9,0.222,0.263,4,5,0.8,1,2,3,5,1,1,2,2,14
"453",356,"Tahjere McCall",47370,"SG",24,"BRK",1,0,8,2,3,0.667,0,1,0,2,2,1,0.667,0,1,0,0,1,1,0,0,0,0,2,4
"454",357,"Patrick McCaw",964104,"SG",23,"TOR",26,1,344,24,54,0.444,8,24,0.333,16,30,0.533,0.519,13,15,0.867,7,38,45,27,21,2,14,37,69
"456",358,"CJ McCollum",25759766,"SG",27,"POR",70,70,2375,571,1243,0.459,167,445,0.375,404,798,0.506,0.527,159,192,0.828,62,220,282,207,55,28,106,172,1468
"457",359,"TJ McConnell",1600520,"PG",26,"PHI",76,3,1470,220,419,0.525,14,42,0.333,206,377,0.546,0.542,29,37,0.784,28,146,174,258,79,17,91,105,483
"458",360,"Doug McDermott",7333334,"SF",27,"IND",77,1,1340,207,422,0.491,84,206,0.408,123,216,0.569,0.59,66,79,0.835,17,92,109,67,18,8,42,104,564
"459",361,"JaVale McGee",2393887,"C",31,"LAL",75,62,1671,400,641,0.624,1,12,0.083,399,629,0.634,0.625,96,152,0.632,195,371,566,52,47,148,108,208,897
"460",362,"Rodney McGruder",1544951,"SG",27,"MIA",66,45,1550,186,461,0.403,79,225,0.351,107,236,0.453,0.489,52,72,0.722,60,178,238,112,36,12,64,115,503
"461",363,"Alfonzo McKinnie",1349383,"SF",26,"GSW",72,5,1003,134,275,0.487,42,118,0.356,92,157,0.586,0.564,27,48,0.563,81,166,247,31,18,15,30,134,337
"462",364,"Ben McLemore",5460000,"SG",25,"SAC",19,0,158,25,64,0.391,17,41,0.415,8,23,0.348,0.523,8,12,0.667,3,14,17,4,6,3,5,22,75
"463",365,"Jordan McRae",77250,"SG",27,"WAS",27,0,333,61,130,0.469,10,35,0.286,51,95,0.537,0.508,28,35,0.8,6,34,40,30,13,7,15,26,160
"464",366,"Jodie Meeks",3774176,"SG",31,"TOR",8,0,104,21,39,0.538,8,18,0.444,13,21,0.619,0.641,1,1,1,1,11,12,8,1,1,2,5,51
"465",367,"Salah Mejri",2098196,"C",32,"DAL",36,4,399,55,112,0.491,11,34,0.324,44,78,0.564,0.54,20,32,0.625,36,95,131,35,10,26,21,55,141
"466",368,"De'Anthony Melton",949000,"PG",20,"PHO",50,31,984,100,256,0.391,29,95,0.305,71,161,0.441,0.447,21,28,0.75,25,109,134,159,68,23,75,113,250
"467",369,"Chimezie Metu",838464,"PF",21,"SAS",29,0,145,19,58,0.328,0,2,0,19,56,0.339,0.328,13,17,0.765,9,27,36,13,6,2,15,14,51
"468",370,"Khris Middleton",13000000,"SF",27,"MIL",77,77,2393,506,1148,0.441,179,474,0.378,327,674,0.485,0.519,216,258,0.837,50,411,461,331,80,7,174,172,1407
"469",371,"CJ Miles",8333333,"SF",31,"MEM",13,0,294,42,105,0.4,24,66,0.364,18,39,0.462,0.514,13,14,0.929,1,26,27,14,8,5,9,17,121
"472",372,"Darius Miller",2205000,"SF",28,"NOP",69,15,1757,189,484,0.39,133,364,0.365,56,120,0.467,0.528,56,71,0.789,14,114,128,146,40,23,59,165,567
"473",373,"Malcolm Miller",457418,"SF",25,"TOR",10,0,67,11,26,0.423,10,21,0.476,1,5,0.2,0.615,3,4,0.75,1,4,5,1,1,1,1,5,35
"475",375,"Paul Millsap",29230769,"PF",33,"DEN",70,65,1895,322,665,0.484,58,159,0.365,264,506,0.522,0.528,181,249,0.727,153,352,505,141,83,54,95,183,883
"476",376,"Shake Milton",77250,"SG",22,"PHI",20,0,268,34,87,0.391,14,44,0.318,20,43,0.465,0.471,5,7,0.714,9,26,35,18,8,8,6,29,87
"477",377,"Nikola Mirotic",12500000,"PF",27,"MIL",14,3,320,56,135,0.415,31,87,0.356,25,48,0.521,0.53,20,23,0.87,14,61,75,20,10,9,11,21,163
"480",378,"Donovan Mitchell",3111480,"SG",22,"UTA",77,77,2598,661,1530,0.432,188,519,0.362,473,1011,0.468,0.493,319,396,0.806,59,257,316,322,106,31,218,208,1829
"481",379,"Malik Monk",3447480,"SG",20,"CHO",73,0,1258,227,586,0.387,109,330,0.33,118,256,0.461,0.48,90,102,0.882,16,121,137,117,37,19,86,106,653
"482",380,"Greg Monroe",2410167,"C",28,"PHI",3,0,52,15,23,0.652,1,1,1,14,22,0.636,0.674,10,11,0.909,4,9,13,7,1,0,1,5,41
"485",381,"E'Twaun Moore",8808685,"SG",29,"NOP",53,36,1463,256,532,0.481,76,176,0.432,180,356,0.506,0.553,45,59,0.763,35,92,127,102,40,8,59,112,633
"488",384,"Markieff Morris",9173294,"PF",29,"OKC",24,1,387,61,156,0.391,20,59,0.339,41,97,0.423,0.455,14,19,0.737,20,71,91,19,11,2,7,58,156
"491",385,"Marcus Morris",5375000,"PF",29,"BOS",75,53,2091,377,844,0.447,146,389,0.375,231,455,0.508,0.533,146,173,0.844,76,382,458,109,43,25,92,181,1046
"492",386,"Monte Morris",1349383,"PG",23,"DEN",82,6,1970,346,702,0.493,94,227,0.414,252,475,0.531,0.56,65,81,0.802,35,159,194,297,73,4,52,102,851
"493",387,"Jaylen Morris",77250,"SG",23,"MIL",4,0,29,4,10,0.4,1,3,0.333,3,7,0.429,0.45,1,2,0.5,0,5,5,4,2,0,1,1,10
"495",389,"Johnathan Motley",77250,"PF",23,"LAC",22,0,156,39,73,0.534,0,3,0,39,70,0.557,0.534,24,40,0.6,18,33,51,11,5,3,16,27,102
"497",391,"Emmanuel Mudiay",4294479,"PG",22,"NYK",59,42,1607,330,740,0.446,69,210,0.329,261,530,0.492,0.493,144,186,0.774,33,163,196,228,43,19,140,103,873
"498",392,"Jamal Murray",3499800,"PG",21,"DEN",75,74,2447,513,1173,0.437,152,414,0.367,361,759,0.476,0.502,189,223,0.848,65,252,317,363,67,27,158,153,1367
"500",394,"Dzanan Musa",1634400,"SG",19,"BRK",9,0,39,9,22,0.409,1,10,0.1,8,12,0.667,0.432,0,2,0,1,4,5,2,2,0,4,1,19
"501",395,"Mike Muscala",5000000,"PF",27,"LAL",17,4,265,36,83,0.434,21,57,0.368,15,26,0.577,0.56,7,8,0.875,6,38,44,14,4,11,5,18,100
"504",396,"Sviatoslav Mykhailiuk",1487694,"SF",21,"LAL",39,0,420,44,132,0.333,27,85,0.318,17,47,0.362,0.436,12,20,0.6,8,26,34,33,13,1,20,25,127
"506",397,"Abdel Nader",1378242,"SF",25,"OKC",61,1,694,91,215,0.423,32,100,0.32,59,115,0.513,0.498,27,36,0.75,14,102,116,20,20,12,26,68,241
"507",398,"Larry Nance",2272390,"C",26,"CLE",67,30,1795,249,479,0.52,33,98,0.337,216,381,0.567,0.554,96,134,0.716,168,384,552,214,100,40,97,192,627
"508",399,"Shabazz Napier",1942422,"PG",27,"BRK",56,2,983,169,435,0.389,76,228,0.333,93,207,0.449,0.476,115,138,0.833,18,82,100,143,41,16,66,67,529
"509",400,"Raul Neto",2100000,"PG",26,"UTA",37,1,474,74,161,0.46,20,60,0.333,54,101,0.535,0.522,28,33,0.848,6,56,62,93,14,4,35,49,196
"510",401,"Georges Niang",1512601,"PF",25,"UTA",59,0,516,86,181,0.475,43,105,0.41,43,76,0.566,0.594,20,24,0.833,11,76,87,35,10,6,23,57,235
"512",403,"Joakim Noah",20261172,"C",33,"MEM",42,1,693,110,213,0.516,0,1,0,110,212,0.519,0.516,78,109,0.716,58,180,238,89,20,31,50,96,298
"514",405,"Dirk Nowitzki",5000000,"PF",40,"DAL",51,20,795,135,376,0.359,64,205,0.312,71,171,0.415,0.444,39,50,0.78,5,153,158,35,9,18,18,76,373
"515",406,"Frank Ntilikina",4155720,"PG",20,"NYK",43,16,904,95,282,0.337,33,115,0.287,62,167,0.371,0.395,23,30,0.767,12,75,87,121,30,14,56,104,246
"517",408,"James Nunnally",663255,"SF",28,"MIN",13,0,64,9,21,0.429,5,13,0.385,4,8,0.5,0.548,4,4,1,0,4,4,5,1,0,1,4,27
"519",409,"Jusuf Nurkic",11111111,"C",24,"POR",72,72,1974,420,826,0.508,3,29,0.103,417,797,0.523,0.51,282,365,0.773,243,505,748,233,71,103,168,250,1125
"520",410,"David Nwaba",1512601,"SG",26,"CLE",51,14,984,126,262,0.481,24,75,0.32,102,187,0.545,0.527,58,85,0.682,41,122,163,54,36,17,29,106,334
"521",411,"Royce O'Neale",1378242,"SF",25,"UTA",82,16,1671,163,343,0.475,68,176,0.386,95,167,0.569,0.574,32,42,0.762,22,263,285,124,54,24,70,172,426
"522",412,"Kyle O'Quinn",4449000,"C",28,"IND",45,3,371,69,136,0.507,1,12,0.083,68,124,0.548,0.511,17,21,0.81,29,90,119,56,9,25,31,68,156
"523",413,"Semi Ojeleye",1378242,"PF",24,"BOS",56,3,594,67,158,0.424,28,89,0.315,39,69,0.565,0.513,24,39,0.615,24,62,86,23,10,4,19,43,186
"524",414,"Jahlil Okafor",1567007,"C",23,"NOP",59,24,935,212,362,0.586,1,5,0.2,211,357,0.591,0.587,59,89,0.663,82,196,278,40,15,40,52,96,484
"525",415,"Elie Okobo",1238464,"PG",21,"PHO",53,16,958,114,290,0.393,39,132,0.295,75,158,0.475,0.46,37,47,0.787,12,86,98,127,32,7,69,109,304
"526",416,"Josh Okogie",2163600,"SG",20,"MIN",74,52,1757,196,508,0.386,60,215,0.279,136,293,0.464,0.445,118,162,0.728,41,177,218,91,88,33,63,166,570
"527",417,"Victor Oladipo",21000000,"SG",26,"IND",36,36,1147,249,588,0.423,74,216,0.343,175,372,0.47,0.486,103,141,0.73,21,181,202,186,60,11,82,72,675
"528",418,"Kelly Olynyk",13537527,"PF",27,"MIA",79,36,1812,261,564,0.463,113,319,0.354,148,245,0.604,0.563,152,185,0.822,72,303,375,140,53,37,114,183,787
"529",419,"Cedi Osman",2775000,"SF",23,"CLE",76,75,2444,360,844,0.427,130,374,0.348,230,470,0.489,0.504,141,181,0.779,45,312,357,195,60,11,114,195,991
"530",420,"Kelly Oubre",3208630,"SF",23,"WAS",29,7,755,132,305,0.433,41,132,0.311,91,173,0.526,0.5,68,85,0.8,24,105,129,20,27,20,30,71,373
"533",421,"Zaza Pachulia",2393887,"C",34,"DET",68,3,878,85,193,0.44,0,4,0,85,189,0.45,0.44,97,124,0.782,99,166,265,91,31,17,57,151,267
"535",423,"Jabari Parker",20000000,"PF",23,"WAS",25,0,682,149,285,0.523,24,81,0.296,125,204,0.613,0.565,52,76,0.684,38,142,180,68,23,16,67,58,374
"538",424,"Tony Parker",5000000,"PG",36,"CHO",56,0,1003,213,463,0.46,13,51,0.255,200,412,0.485,0.474,91,124,0.734,14,69,83,207,21,7,75,53,530
"539",425,"Chandler Parsons",24107258,"SF",30,"MEM",25,3,496,68,182,0.374,29,94,0.309,39,88,0.443,0.453,22,25,0.88,4,66,70,43,19,5,32,45,187
"540",426,"Patrick Patterson",5451600,"PF",29,"OKC",63,5,861,82,219,0.374,46,137,0.336,36,82,0.439,0.479,19,30,0.633,42,105,147,31,16,13,22,46,229
"541",427,"Justin Patton",2667600,"C",21,"PHI",3,0,21,2,7,0.286,0,2,0,2,5,0.4,0.286,1,2,0.5,2,4,6,3,2,0,0,5,5
"542",428,"Chris Paul",35654150,"PG",33,"HOU",58,58,1857,302,720,0.419,127,355,0.358,175,365,0.479,0.508,175,203,0.862,36,229,265,473,114,18,152,146,906
"543",429,"Cameron Payne",3440356,"PG",24,"CLE",9,1,176,27,55,0.491,9,25,0.36,18,30,0.6,0.573,11,16,0.688,3,16,19,23,8,3,11,15,74
"546",430,"Elfrid Payton",3000000,"PG",24,"NOP",42,42,1250,179,412,0.434,33,105,0.314,146,307,0.476,0.475,55,74,0.743,49,171,220,320,44,17,112,81,446
"549",433,"Theo Pinson",77250,"SG",23,"BRK",18,0,211,25,73,0.342,12,46,0.261,13,27,0.481,0.425,19,22,0.864,4,32,36,21,6,0,18,15,81
"550",434,"Mason Plumlee",12917808,"C",28,"DEN",82,17,1731,262,442,0.593,2,10,0.2,260,432,0.602,0.595,111,198,0.561,165,359,524,243,66,76,126,252,637
"553",437,"Quincy Pondexter",2165481,"SF",30,"SAS",53,0,292,29,58,0.5,6,18,0.333,23,40,0.575,0.552,34,42,0.81,8,38,46,24,11,1,13,24,98
"554",438,"Otto Porter",26011913,"SF",25,"CHI",15,15,492,97,201,0.483,39,80,0.488,58,121,0.479,0.58,29,32,0.906,14,69,83,40,18,9,25,29,262
"558",440,"Bobby Portis",2494346,"PF",23,"CHI",22,6,531,122,271,0.45,27,72,0.375,95,199,0.477,0.5,39,50,0.78,46,115,161,29,11,8,29,61,310
"562",442,"Dwight Powell",9631250,"C",27,"DAL",77,22,1662,290,486,0.597,39,127,0.307,251,359,0.699,0.637,196,254,0.772,140,271,411,112,44,50,67,201,815
"563",443,"Norman Powell",9367200,"SG",25,"TOR",60,3,1126,193,400,0.483,68,170,0.4,125,230,0.543,0.568,62,75,0.827,16,123,139,91,39,13,65,96,516
"564",444,"Alex Poythress",77250,"PF",25,"ATL",21,1,305,40,81,0.494,9,23,0.391,31,58,0.534,0.549,18,29,0.621,29,47,76,17,4,10,13,47,107
"568",448,"Ivan Rabb",1378242,"PF",21,"MEM",49,13,721,116,212,0.547,3,15,0.2,113,197,0.574,0.554,49,69,0.71,70,136,206,54,17,14,35,90,284
"569",449,"Julius Randle",8641000,"PF",24,"NOP",73,49,2232,571,1089,0.524,67,195,0.344,504,894,0.564,0.555,356,487,0.731,162,472,634,229,52,45,208,246,1565
"570",450,"Chasson Randle",975824,"PG",25,"WAS",49,2,743,91,217,0.419,46,115,0.4,45,102,0.441,0.525,43,62,0.694,10,46,56,97,25,3,43,91,271
"572",452,"JJ Redick",12250000,"SG",34,"PHI",76,63,2379,452,1027,0.44,240,605,0.397,212,422,0.502,0.557,228,255,0.894,20,166,186,206,32,17,101,129,1372
"575",455,"Josh Richardson",9367200,"SG",25,"MIA",73,73,2539,423,1026,0.412,164,460,0.357,259,566,0.458,0.492,199,231,0.861,54,209,263,298,79,34,113,200,1209
"576",456,"Malachi Richardson",1569360,"SG",23,"TOR",22,0,103,9,29,0.31,8,25,0.32,1,4,0.25,0.448,4,5,0.8,2,11,13,0,1,0,8,13,30
"577",457,"Austin Rivers",13155324,"SG",26,"WAS",29,2,683,76,194,0.392,33,106,0.311,43,88,0.489,0.477,25,46,0.543,10,61,71,58,18,10,36,72,210
"581",459,"Glenn Robinson",4075000,"SF",25,"DET",47,18,610,74,176,0.42,18,62,0.29,56,114,0.491,0.472,32,40,0.8,17,54,71,21,14,8,18,45,198
"582",460,"Jerome Robinson",3050160,"SG",21,"LAC",33,0,320,44,110,0.4,18,57,0.316,26,53,0.491,0.482,6,9,0.667,3,38,41,19,11,3,13,46,112
"584",462,"Devin Robinson",77250,"SF",23,"WAS",7,0,95,19,32,0.594,0,2,0,19,30,0.633,0.594,9,14,0.643,6,14,20,6,4,6,2,11,47
"585",463,"Duncan Robinson",77250,"PF",24,"MIA",15,1,161,18,46,0.391,10,35,0.286,8,11,0.727,0.5,4,6,0.667,2,17,19,5,5,0,4,11,50
"586",464,"Rajon Rondo",9000000,"PG",32,"LAL",46,29,1369,175,432,0.405,51,142,0.359,124,290,0.428,0.464,23,36,0.639,34,209,243,367,57,7,127,100,424
"587",465,"Derrick Rose",2176260,"PG",30,"MIN",51,13,1392,363,753,0.482,54,146,0.37,309,607,0.509,0.518,137,160,0.856,33,107,140,220,31,12,82,57,917
"588",466,"Terrence Ross",10500000,"SG",27,"ORL",81,0,2150,440,1027,0.428,217,566,0.383,223,461,0.484,0.534,126,144,0.875,27,253,280,135,72,29,90,119,1223
"589",467,"Terry Rozier",3050389,"PG",24,"BOS",79,14,1791,258,666,0.387,119,337,0.353,139,329,0.422,0.477,73,93,0.785,32,275,307,231,68,21,68,101,708
"590",468,"Ricky Rubio",14800000,"PG",28,"UTA",68,67,1899,295,730,0.404,79,254,0.311,216,476,0.454,0.458,195,228,0.855,33,210,243,416,91,10,180,180,864
"591",469,"D'Angelo Russell",7019698,"PG",22,"BRK",81,81,2448,659,1517,0.434,234,635,0.369,425,882,0.482,0.512,160,205,0.78,53,262,315,563,100,20,253,141,1712
"592",470,"Domantas Sabonis",2659800,"C",22,"IND",74,5,1838,413,700,0.59,9,17,0.529,404,683,0.592,0.596,208,291,0.715,186,504,690,212,48,30,160,239,1043
"593",471,"JaKarr Sampson",85457,"SF",25,"CHI",4,0,127,29,54,0.537,5,14,0.357,24,40,0.6,0.583,17,21,0.81,5,27,32,4,4,3,4,8,80
"594",472,"Brandon Sampson",77250,"SG",21,"CHI",14,2,214,28,60,0.467,11,29,0.379,17,31,0.548,0.558,4,6,0.667,3,13,16,10,8,3,12,19,71
"595",473,"Dario Saric",2526840,"PF",24,"PHI",13,13,396,48,132,0.364,21,70,0.3,27,62,0.435,0.443,27,30,0.9,21,65,86,26,4,3,25,39,144
"598",474,"Tomas Satoransky",3129187,"PG",27,"WAS",80,54,2164,257,530,0.485,64,162,0.395,193,368,0.524,0.545,131,160,0.819,82,197,279,399,82,13,120,172,709
"600",476,"Mike Scott",4320500,"PF",30,"PHI",27,3,647,76,190,0.4,49,119,0.412,27,71,0.38,0.529,10,15,0.667,19,83,102,22,9,5,17,68,211
"603",477,"Thabo Sefolosha",5250000,"SF",34,"UTA",50,2,609,71,149,0.477,34,78,0.436,37,71,0.521,0.591,14,22,0.636,8,115,123,27,43,5,25,41,190
"604",478,"Wayne Selden",1544951,"SG",24,"MEM",32,0,455,65,161,0.404,20,63,0.317,45,98,0.459,0.466,22,29,0.759,16,28,44,36,10,6,23,48,172
"607",479,"Collin Sexton",4073760,"PG",20,"CLE",82,72,2605,519,1206,0.43,119,296,0.402,400,910,0.44,0.48,214,255,0.839,57,179,236,243,44,6,185,186,1371
"608",480,"Landry Shamet",1705920,"SG",21,"LAC",25,23,694,87,210,0.414,68,151,0.45,19,59,0.322,0.576,31,39,0.795,7,49,56,58,13,2,19,49,273
"611",481,"Iman Shumpert",11011234,"SG",28,"HOU",20,1,382,34,98,0.347,21,71,0.296,13,27,0.481,0.454,2,4,0.5,8,46,54,21,12,4,12,35,91
"614",482,"Pascal Siakam",1544951,"PF",24,"TOR",80,79,2548,519,945,0.549,79,214,0.369,440,731,0.602,0.591,237,302,0.785,124,425,549,248,73,52,154,241,1354
"616",484,"Ben Simmons",6434520,"PG",22,"PHI",79,79,2700,540,960,0.563,0,6,0,540,954,0.566,0.563,257,428,0.6,172,525,697,610,112,61,274,209,1337
"617",485,"Jonathon Simmons",6000000,"SF",29,"PHI",15,0,219,29,64,0.453,9,21,0.429,20,43,0.465,0.523,16,25,0.64,4,22,26,33,11,1,12,21,83
"621",487,"Anfernee Simons",1837800,"SG",19,"POR",20,1,141,28,63,0.444,10,29,0.345,18,34,0.529,0.524,9,16,0.563,3,10,13,13,1,0,11,9,75
"623",489,"Marcus Smart",11160716,"SG",24,"BOS",80,60,2200,239,567,0.422,126,346,0.364,113,221,0.511,0.533,104,129,0.806,57,177,234,321,143,28,123,201,708
"624",490,"JR Smith",14720000,"SG",33,"CLE",11,4,222,27,79,0.342,12,39,0.308,15,40,0.375,0.418,8,10,0.8,0,18,18,21,11,3,11,19,74
"626",492,"Jason Smith",5450000,"C",32,"NOP",2,0,20,2,9,0.222,2,7,0.286,0,2,0,0.333,2,2,1,2,2,4,1,0,0,1,3,8
"631",494,"Dennis Smith",3819960,"PG",21,"NYK",21,18,600,121,293,0.413,24,83,0.289,97,210,0.462,0.454,42,74,0.568,14,44,58,114,27,9,54,47,308
"634",495,"Zhaire Smith",2615160,"SG",19,"PHI",6,2,111,14,34,0.412,6,16,0.375,8,18,0.444,0.5,6,8,0.75,3,10,13,10,2,2,6,8,40
"635",496,"Tony Snell",10607143,"SF",27,"MIL",74,12,1304,163,361,0.452,81,204,0.397,82,157,0.522,0.564,37,42,0.881,29,128,157,68,26,18,23,90,444
"638",499,"Omari Spellman",1622520,"PF",21,"ATL",46,11,805,98,244,0.402,44,128,0.344,54,116,0.466,0.492,32,45,0.711,72,122,194,47,26,25,31,67,272
"639",500,"Nik Stauskas",2161886,"SG",25,"CLE",24,0,342,40,109,0.367,27,63,0.429,13,46,0.283,0.491,25,28,0.893,8,39,47,19,7,3,11,19,132
"643",502,"Lance Stephenson",4449000,"SG",28,"LAL",68,3,1123,184,432,0.426,73,197,0.371,111,235,0.472,0.51,50,73,0.685,32,183,215,140,41,7,86,111,491
"645",504,"Edmond Sumner",449794,"PG",23,"IND",23,2,210,22,64,0.344,7,27,0.259,15,37,0.405,0.398,15,24,0.625,9,15,24,10,12,5,10,26,66
"646",505,"Caleb Swanigan",1740000,"PF",21,"SAC",3,0,33,4,9,0.444,0,2,0,4,7,0.571,0.444,0,2,0,4,8,12,4,2,1,2,6,8
"649",506,"Jayson Tatum",6700800,"SF",20,"BOS",79,79,2455,466,1036,0.45,116,311,0.373,350,725,0.483,0.506,195,228,0.855,70,407,477,168,84,57,122,168,1243
"650",507,"Jeff Teague",19000000,"PG",30,"MIN",42,41,1264,176,416,0.423,35,105,0.333,141,311,0.453,0.465,123,153,0.804,16,90,106,343,43,18,97,90,510
"652",509,"Garrett Temple",8000000,"SG",32,"LAC",26,6,510,42,106,0.396,16,54,0.296,26,52,0.5,0.472,23,31,0.742,10,54,64,37,26,5,16,70,123
"655",510,"Milos Teodosic",6300000,"PG",31,"LAC",15,0,150,17,40,0.425,10,27,0.37,7,13,0.538,0.55,4,7,0.571,3,13,16,32,3,1,21,27,48
"656",511,"Jared Terrell",77250,"SG",23,"MIN",14,0,111,12,39,0.308,4,17,0.235,8,22,0.364,0.359,3,6,0.5,1,5,6,12,3,2,10,16,31
"658",513,"Daniel Theis",1378242,"C",26,"BOS",66,2,908,146,266,0.549,26,67,0.388,120,199,0.603,0.598,56,76,0.737,87,138,225,68,21,42,33,161,374
"659",514,"Lance Thomas",7119650,"PF",30,"NYK",46,17,783,78,197,0.396,22,79,0.278,56,118,0.475,0.452,27,36,0.75,21,96,117,27,17,7,24,83,205
"660",515,"Isaiah Thomas",2029463,"SG",29,"DEN",12,0,181,34,99,0.343,12,43,0.279,22,56,0.393,0.404,17,27,0.63,5,8,13,23,5,1,18,17,97
"661",516,"Khyri Thomas",838464,"SG",22,"DET",26,0,195,22,69,0.319,10,35,0.286,12,34,0.353,0.391,7,11,0.636,4,16,20,8,7,5,4,22,61
"662",517,"Klay Thompson",18988725,"SG",28,"GSW",78,78,2652,655,1402,0.467,241,599,0.402,414,803,0.516,0.553,129,158,0.816,37,262,299,186,84,47,115,157,1680
"665",520,"Sindarius Thornwell",1378242,"SG",24,"LAC",64,1,313,17,49,0.347,3,15,0.2,14,34,0.412,0.378,25,34,0.735,5,39,44,18,14,7,20,41,62
"666",521,"Anthony Tolliver",5750000,"PF",33,"MIN",65,0,1079,99,259,0.382,81,215,0.377,18,44,0.409,0.539,47,60,0.783,15,162,177,46,17,21,36,91,326
"667",522,"Karl-Anthony Towns",7839435,"C",23,"MIN",77,77,2545,681,1314,0.518,142,355,0.4,539,959,0.562,0.572,376,450,0.836,263,691,954,259,67,125,240,292,1880
"668",523,"Gary Trent",838464,"SG",20,"POR",15,1,111,16,50,0.32,5,21,0.238,11,29,0.379,0.37,3,7,0.429,1,10,11,5,1,2,4,4,40
"669",524,"Allonzo Trier",3382000,"SG",23,"NYK",64,3,1459,232,518,0.448,52,132,0.394,180,386,0.466,0.498,179,223,0.803,31,166,197,119,28,14,116,117,695
"670",525,"PJ Tucker",7959537,"PF",33,"HOU",82,82,2802,207,523,0.396,146,387,0.377,61,136,0.449,0.535,41,59,0.695,121,358,479,96,132,39,63,252,601
"671",526,"Evan Turner",17868853,"PG",30,"POR",73,2,1605,204,443,0.46,11,52,0.212,193,391,0.494,0.473,75,106,0.708,37,291,328,283,33,18,114,110,494
"672",527,"Myles Turner",3294994,"C",22,"IND",74,74,2119,380,780,0.487,76,196,0.388,304,584,0.521,0.536,148,201,0.736,101,430,531,115,60,199,100,195,984
"675",530,"Jonas Valanciunas",16539326,"C",26,"MEM",19,17,527,152,279,0.545,5,18,0.278,147,261,0.563,0.554,70,91,0.769,52,151,203,41,6,30,51,64,379
"679",532,"Jarred Vanderbilt",838464,"PF",19,"DEN",17,0,69,9,19,0.474,0,1,0,9,18,0.5,0.474,6,10,0.6,7,16,23,3,6,1,8,8,24
"680",533,"Fred VanVleet",8653847,"PG",24,"TOR",64,28,1760,246,600,0.41,112,296,0.378,134,304,0.441,0.503,97,115,0.843,21,146,167,307,57,20,82,110,701
"681",534,"Noah Vonleh",1621415,"PF",23,"NYK",68,57,1722,207,440,0.47,46,137,0.336,161,303,0.531,0.523,111,156,0.712,113,415,528,129,46,51,88,174,571
"682",535,"Nikola Vucevic",12750000,"C",28,"ORL",80,80,2510,701,1354,0.518,84,231,0.364,617,1123,0.549,0.549,179,227,0.789,224,736,960,307,81,89,159,157,1665
"683",536,"Dwyane Wade",2393887,"SG",37,"MIA",72,2,1885,416,960,0.433,86,261,0.33,330,699,0.472,0.478,165,233,0.708,69,216,285,301,59,38,166,118,1083
"684",537,"Moritz Wagner",1764240,"C",21,"LAL",43,5,446,71,171,0.415,22,77,0.286,49,94,0.521,0.48,43,53,0.811,17,68,85,24,11,13,39,57,207
"685",538,"Dion Waiters",12705000,"SG",27,"MIA",44,28,1138,198,478,0.414,109,289,0.377,89,189,0.471,0.528,22,44,0.5,7,109,116,121,29,9,64,72,527
"686",539,"Kemba Walker",12000000,"PG",28,"CHO",82,82,2863,731,1684,0.434,260,731,0.356,471,953,0.494,0.511,380,450,0.844,52,309,361,484,102,34,211,131,2102
"687",540,"Lonnie Walker",2360160,"SG",20,"SAS",17,0,118,16,46,0.348,5,13,0.385,11,33,0.333,0.402,8,10,0.8,0,17,17,9,7,3,4,7,45
"688",541,"John Wall",19169800,"PG",28,"WAS",32,32,1104,245,552,0.444,51,169,0.302,194,383,0.507,0.49,122,175,0.697,15,101,116,279,49,29,121,71,663
"689",542,"Tyrone Wallace",1349383,"PG",24,"LAC",62,0,628,92,217,0.424,4,19,0.211,88,198,0.444,0.433,30,57,0.526,20,81,101,42,21,7,36,83,218
"690",543,"Brad Wanamaker",838464,"PG",29,"BOS",36,0,343,50,105,0.476,16,39,0.41,34,66,0.515,0.552,24,28,0.857,3,38,41,56,12,2,19,34,140
"691",544,"TJ Warren",11750000,"SF",25,"PHO",43,36,1360,297,611,0.486,77,180,0.428,220,431,0.51,0.549,101,124,0.815,31,143,174,64,51,29,52,119,772
"692",545,"Julian Washburn",77250,"SF",27,"MEM",18,3,254,16,48,0.333,5,24,0.208,11,24,0.458,0.385,3,4,0.75,8,33,41,14,13,2,7,16,40
"693",546,"Yuta Watanabe",77250,"SF",24,"MEM",15,0,174,15,51,0.294,2,16,0.125,13,35,0.371,0.314,7,10,0.7,4,27,31,8,4,1,6,11,39
"694",547,"Thomas Welsh",77250,"C",22,"DEN",11,0,36,7,13,0.538,3,7,0.429,4,6,0.667,0.654,1,2,0.5,0,4,4,5,0,0,1,3,18
"695",548,"Russell Westbrook",35665000,"PG",30,"OKC",73,73,2630,630,1473,0.428,119,411,0.29,511,1062,0.481,0.468,296,451,0.656,109,698,807,784,142,33,325,245,1675
"696",549,"Derrick White",1667160,"PG",24,"SAS",67,55,1728,260,543,0.479,48,142,0.338,212,401,0.529,0.523,95,123,0.772,35,212,247,263,67,47,97,145,663
"699",552,"Hassan Whiteside",24434262,"C",29,"MIA",72,53,1674,388,680,0.571,2,16,0.125,386,664,0.581,0.572,109,243,0.449,257,560,817,56,46,136,97,192,887
"700",553,"Andrew Wiggins",25467250,"SF",23,"MIN",73,73,2543,498,1209,0.412,118,348,0.339,380,861,0.441,0.461,207,296,0.699,83,269,352,184,70,48,138,153,1321
"701",554,"Marvin Williams",14087500,"PF",32,"CHO",75,75,2133,275,652,0.422,140,382,0.366,135,270,0.5,0.529,66,86,0.767,76,331,407,92,71,61,47,156,756
"705",558,"Kenrich Williams",838464,"SF",24,"NOP",46,29,1079,107,279,0.384,52,156,0.333,55,123,0.447,0.477,13,19,0.684,55,164,219,83,45,19,36,95,279
"706",559,"Johnathan Williams",127250,"C",23,"LAL",24,0,372,65,110,0.591,0,2,0,65,108,0.602,0.591,27,48,0.563,48,51,99,13,8,7,16,62,157
"707",560,"Troy Williams",77250,"SF",24,"SAC",21,0,312,44,98,0.449,14,44,0.318,30,54,0.556,0.52,9,15,0.6,12,47,59,11,10,8,9,37,111
"708",561,"CJ Williams",77250,"SG",28,"MIN",15,0,128,17,35,0.486,5,16,0.313,12,19,0.632,0.557,0,1,0,1,7,8,12,6,0,5,16,39
"709",562,"Alan Williams",77250,"PF",26,"BRK",5,0,26,8,13,0.615,0,1,0,8,12,0.667,0.615,2,4,0.5,4,15,19,3,1,0,1,2,18
"710",563,"DJ Wilson",2534280,"PF",22,"MIL",48,3,882,104,251,0.414,46,127,0.362,58,124,0.468,0.506,26,47,0.553,45,177,222,52,18,20,32,85,280
"711",564,"Justise Winslow",3448926,"SF",22,"MIA",66,52,1959,324,749,0.433,96,256,0.375,228,493,0.462,0.497,86,137,0.628,63,292,355,282,72,19,142,177,830
"712",565,"Christian Wood",1512601,"PF",23,"MIL",13,0,62,12,25,0.48,3,5,0.6,9,20,0.45,0.54,10,15,0.667,4,16,20,2,0,0,3,3,37
"715",566,"Delon Wright",2536898,"PG",26,"MEM",26,11,802,115,265,0.434,20,78,0.256,95,187,0.508,0.472,66,89,0.742,29,112,141,138,42,15,40,50,316
"718",567,"Guerschon Yabusele",2667600,"PF",23,"BOS",41,1,251,35,77,0.455,9,28,0.321,26,49,0.531,0.513,15,22,0.682,23,30,53,15,8,7,15,32,94
"719",568,"Thaddeus Young",13764045,"PF",30,"IND",81,81,2489,443,841,0.527,51,146,0.349,392,695,0.564,0.557,87,135,0.644,192,331,523,204,123,36,123,194,1024
"720",569,"Trae Young",5363280,"PG",20,"ATL",81,81,2503,525,1256,0.418,156,482,0.324,369,774,0.477,0.48,343,414,0.829,64,237,301,653,72,15,308,140,1549
"723",572,"Cody Zeller",13528090,"C",26,"CHO",49,47,1243,190,345,0.551,6,22,0.273,184,323,0.57,0.559,111,141,0.787,110,223,333,102,38,41,62,164,497
"724",573,"Tyler Zeller",213948,"C",29,"TOT",6,1,93,16,30,0.533,0,1,0,16,29,0.552,0.533,14,18,0.778,11,13,24,4,1,3,4,20,46
